DG,Deutschland,False,Staat,0,deutschland,,,
01,Schleswig-Holstein,False,Bundesland,1,schleswig-holstein,,,
01001,Flensburg,False,Kreisfreie Stadt,3,flensburg,01,schleswig-holstein,Schleswig-Holstein
01002,Kiel,False,Landeshauptstadt,3,kiel,01,schleswig-holstein,Schleswig-Holstein
01003,Lübeck,False,Hansestadt,3,luebeck,01,schleswig-holstein,Schleswig-Holstein
01004,Neumünster,False,Kreisfreie Stadt,3,neumuenster,01,schleswig-holstein,Schleswig-Holstein
01051,Dithmarschen,False,Kreis,3,dithmarschen,01,schleswig-holstein,Schleswig-Holstein
01053,Herzogtum Lauenburg,False,Kreis,3,herzogtum-lauenburg,01,schleswig-holstein,Schleswig-Holstein
01054,Nordfriesland,False,Kreis,3,nordfriesland,01,schleswig-holstein,Schleswig-Holstein
01055,Ostholstein,False,Kreis,3,ostholstein,01,schleswig-holstein,Schleswig-Holstein
01056,Pinneberg,False,Kreis,3,pinneberg,01,schleswig-holstein,Schleswig-Holstein
01057,Plön,False,Kreis,3,ploen,01,schleswig-holstein,Schleswig-Holstein
01058,Rendsburg-Eckernförde,False,Kreis,3,rendsburg-eckernfoerde,01,schleswig-holstein,Schleswig-Holstein
01059,Schleswig-Flensburg,False,Kreis,3,schleswig-flensburg,01,schleswig-holstein,Schleswig-Holstein
01060,Segeberg,False,Kreis,3,segeberg,01,schleswig-holstein,Schleswig-Holstein
01061,Steinburg,False,Kreis,3,steinburg,01,schleswig-holstein,Schleswig-Holstein
01062,Stormarn,False,Kreis,3,stormarn,01,schleswig-holstein,Schleswig-Holstein
02,Hamburg,False,Bundesland,1,hamburg-bundesland,,,
03,Niedersachsen,False,Bundesland,1,niedersachsen,,,
031,Braunschweig,False,Stat. Region,2,braunschweig-stat-region,03,niedersachsen,Niedersachsen
03101,Braunschweig,False,Kreisfreie Stadt,3,braunschweig-kreisfreie-stadt,03,niedersachsen,Niedersachsen
03102,Salzgitter,False,Kreisfreie Stadt,3,salzgitter,03,niedersachsen,Niedersachsen
03103,Wolfsburg,False,Kreisfreie Stadt,3,wolfsburg,03,niedersachsen,Niedersachsen
03151,Gifhorn,False,Kreis,3,gifhorn,03,niedersachsen,Niedersachsen
03152,Göttingen,False,Kreis,3,goettingen-kreis,03,niedersachsen,Niedersachsen
03153,Goslar,False,Kreis,3,goslar,03,niedersachsen,Niedersachsen
03154,Helmstedt,False,Kreis,3,helmstedt,03,niedersachsen,Niedersachsen
03155,Northeim,False,Kreis,3,northeim,03,niedersachsen,Niedersachsen
03156,Osterode am Harz,False,Kreis,3,osterode-am-harz,03,niedersachsen,Niedersachsen
03157,Peine,False,Kreis,3,peine,03,niedersachsen,Niedersachsen
03158,Wolfenbüttel,False,Kreis,3,wolfenbuettel,03,niedersachsen,Niedersachsen
03159,Göttingen,True,Kreis,3,goettingen-kreis--deprecated,03,niedersachsen,Niedersachsen
032,Hannover,False,Stat. Region,2,hannover-stat-region,03,niedersachsen,Niedersachsen
03241,Region Hannover,False,Kreis,3,region-hannover,03,niedersachsen,Niedersachsen
03241001,Hannover,False,Landeshauptstadt,2,hannover-landeshauptstadt,03,niedersachsen,Niedersachsen
03251,Diepholz,False,Kreis,3,diepholz,03,niedersachsen,Niedersachsen
03252,Hameln-Pyrmont,False,Kreis,3,hameln-pyrmont,03,niedersachsen,Niedersachsen
03254,Hildesheim,False,Kreis,3,hildesheim,03,niedersachsen,Niedersachsen
03255,Holzminden,False,Kreis,3,holzminden,03,niedersachsen,Niedersachsen
03256,Nienburg (Weser),False,Kreis,3,nienburg-weser,03,niedersachsen,Niedersachsen
03257,Schaumburg,False,Kreis,3,schaumburg,03,niedersachsen,Niedersachsen
033,Lüneburg,False,Stat. Region,2,lueneburg-stat-region,03,niedersachsen,Niedersachsen
03351,Celle,False,Kreis,3,celle,03,niedersachsen,Niedersachsen
03352,Cuxhaven,False,Kreis,3,cuxhaven,03,niedersachsen,Niedersachsen
03353,Harburg,False,Kreis,3,harburg,03,niedersachsen,Niedersachsen
03354,Lüchow-Dannenberg,False,Kreis,3,luechow-dannenberg,03,niedersachsen,Niedersachsen
03355,Lüneburg,False,Kreis,3,lueneburg-kreis,03,niedersachsen,Niedersachsen
03356,Osterholz,False,Kreis,3,osterholz,03,niedersachsen,Niedersachsen
03357,Rotenburg (Wümme),False,Kreis,3,rotenburg-wuemme,03,niedersachsen,Niedersachsen
03358,Heidekreis,False,Kreis,3,heidekreis,03,niedersachsen,Niedersachsen
03359,Stade,False,Kreis,3,stade,03,niedersachsen,Niedersachsen
03360,Uelzen,False,Kreis,3,uelzen,03,niedersachsen,Niedersachsen
03361,Verden,False,Kreis,3,verden,03,niedersachsen,Niedersachsen
034,Weser-Ems,False,Stat. Region,2,weser-ems,03,niedersachsen,Niedersachsen
03401,Delmenhorst,False,Kreisfreie Stadt,3,delmenhorst,03,niedersachsen,Niedersachsen
03402,Emden,False,Kreisfreie Stadt,3,emden,03,niedersachsen,Niedersachsen
03403,Oldenburg (Oldenburg),False,Kreisfreie Stadt,3,oldenburg-oldenburg,03,niedersachsen,Niedersachsen
03404,Osnabrück,False,Kreisfreie Stadt,3,osnabrueck-kreisfreie-stadt,03,niedersachsen,Niedersachsen
03405,Wilhelmshaven,False,Kreisfreie Stadt,3,wilhelmshaven,03,niedersachsen,Niedersachsen
03451,Ammerland,False,Kreis,3,ammerland,03,niedersachsen,Niedersachsen
03452,Aurich,False,Kreis,3,aurich,03,niedersachsen,Niedersachsen
03453,Cloppenburg,False,Kreis,3,cloppenburg,03,niedersachsen,Niedersachsen
03454,Emsland,False,Kreis,3,emsland,03,niedersachsen,Niedersachsen
03455,Friesland,False,Kreis,3,friesland,03,niedersachsen,Niedersachsen
03456,Grafschaft Bentheim,False,Kreis,3,grafschaft-bentheim,03,niedersachsen,Niedersachsen
03457,Leer,False,Kreis,3,leer,03,niedersachsen,Niedersachsen
03458,Oldenburg,False,Kreis,3,oldenburg,03,niedersachsen,Niedersachsen
03459,Osnabrück,False,Kreis,3,osnabrueck-kreis,03,niedersachsen,Niedersachsen
03460,Vechta,False,Kreis,3,vechta,03,niedersachsen,Niedersachsen
03461,Wesermarsch,False,Kreis,3,wesermarsch,03,niedersachsen,Niedersachsen
03462,Wittmund,False,Kreis,3,wittmund,03,niedersachsen,Niedersachsen
04,Bremen,False,Bundesland,1,bremen-bundesland,,,
04011,Bremen,False,Kreisfreie Stadt,3,bremen,04,bremen-bundesland,Bremen
04012,Bremerhaven,False,Kreisfreie Stadt,3,bremerhaven,04,bremen-bundesland,Bremen
05,Nordrhein-Westfalen,False,Bundesland,1,nordrhein-westfalen,,,
051,Düsseldorf,False,Regierungsbezirk,2,duesseldorf-regierungsbezirk,05,nordrhein-westfalen,Nordrhein-Westfalen
05111,Düsseldorf,False,Kreisfreie Stadt,3,duesseldorf-kreisfreie-stadt,05,nordrhein-westfalen,Nordrhein-Westfalen
05112,Duisburg,False,Kreisfreie Stadt,3,duisburg,05,nordrhein-westfalen,Nordrhein-Westfalen
05113,Essen,False,Kreisfreie Stadt,3,essen,05,nordrhein-westfalen,Nordrhein-Westfalen
05114,Krefeld,False,Kreisfreie Stadt,3,krefeld,05,nordrhein-westfalen,Nordrhein-Westfalen
05116,Mönchengladbach,False,Kreisfreie Stadt,3,moenchengladbach,05,nordrhein-westfalen,Nordrhein-Westfalen
05117,Mülheim an der Ruhr,False,Kreisfreie Stadt,3,muelheim-an-der-ruhr,05,nordrhein-westfalen,Nordrhein-Westfalen
05119,Oberhausen,False,Kreisfreie Stadt,3,oberhausen,05,nordrhein-westfalen,Nordrhein-Westfalen
05120,Remscheid,False,Kreisfreie Stadt,3,remscheid,05,nordrhein-westfalen,Nordrhein-Westfalen
05122,Solingen,False,Kreisfreie Stadt,3,solingen,05,nordrhein-westfalen,Nordrhein-Westfalen
05124,Wuppertal,False,Kreisfreie Stadt,3,wuppertal,05,nordrhein-westfalen,Nordrhein-Westfalen
05154,Kleve,False,Kreis,3,kleve,05,nordrhein-westfalen,Nordrhein-Westfalen
05158,Mettmann,False,Kreis,3,mettmann,05,nordrhein-westfalen,Nordrhein-Westfalen
05162,Rhein-Kreis Neuss,False,Kreis,3,rhein-kreis-neuss,05,nordrhein-westfalen,Nordrhein-Westfalen
05166,Viersen,False,Kreis,3,viersen,05,nordrhein-westfalen,Nordrhein-Westfalen
05170,Wesel,False,Kreis,3,wesel,05,nordrhein-westfalen,Nordrhein-Westfalen
053,Köln,False,Regierungsbezirk,2,koeln-regierungsbezirk,05,nordrhein-westfalen,Nordrhein-Westfalen
05314,Bonn,False,Kreisfreie Stadt,3,bonn,05,nordrhein-westfalen,Nordrhein-Westfalen
05315,Köln,False,Kreisfreie Stadt,3,koeln-kreisfreie-stadt,05,nordrhein-westfalen,Nordrhein-Westfalen
05316,Leverkusen,False,Kreisfreie Stadt,3,leverkusen,05,nordrhein-westfalen,Nordrhein-Westfalen
05334,Städteregion Aachen (einschl. Stadt Aachen),False,Kreis,3,staedteregion-aachen-einschl-stadt-aachen,05,nordrhein-westfalen,Nordrhein-Westfalen
05334002,Aachen,False,krfr. Stadt,2,aachen-krfr-stadt,05,nordrhein-westfalen,Nordrhein-Westfalen
05354,Aachen,True,Kreis,3,aachen-kreis--deprecated,05,nordrhein-westfalen,Nordrhein-Westfalen
05358,Düren,False,Kreis,3,dueren,05,nordrhein-westfalen,Nordrhein-Westfalen
05362,Rhein-Erft-Kreis,False,Kreis,3,rhein-erft-kreis,05,nordrhein-westfalen,Nordrhein-Westfalen
05366,Euskirchen,False,Kreis,3,euskirchen,05,nordrhein-westfalen,Nordrhein-Westfalen
05370,Heinsberg,False,Kreis,3,heinsberg,05,nordrhein-westfalen,Nordrhein-Westfalen
05374,Oberbergischer Kreis,False,Kreis,3,oberbergischer-kreis,05,nordrhein-westfalen,Nordrhein-Westfalen
05378,Rheinisch-Bergischer Kreis,False,Kreis,3,rheinisch-bergischer-kreis,05,nordrhein-westfalen,Nordrhein-Westfalen
05382,Rhein-Sieg-Kreis,False,Kreis,3,rhein-sieg-kreis,05,nordrhein-westfalen,Nordrhein-Westfalen
055,Münster,False,Regierungsbezirk,2,muenster-regierungsbezirk,05,nordrhein-westfalen,Nordrhein-Westfalen
05512,Bottrop,False,Kreisfreie Stadt,3,bottrop,05,nordrhein-westfalen,Nordrhein-Westfalen
05513,Gelsenkirchen,False,Kreisfreie Stadt,3,gelsenkirchen,05,nordrhein-westfalen,Nordrhein-Westfalen
05515,Münster,False,Kreisfreie Stadt,3,muenster-kreisfreie-stadt,05,nordrhein-westfalen,Nordrhein-Westfalen
05554,Borken,False,Kreis,3,borken,05,nordrhein-westfalen,Nordrhein-Westfalen
05558,Coesfeld,False,Kreis,3,coesfeld,05,nordrhein-westfalen,Nordrhein-Westfalen
05562,Recklinghausen,False,Kreis,3,recklinghausen,05,nordrhein-westfalen,Nordrhein-Westfalen
05566,Steinfurt,False,Kreis,3,steinfurt,05,nordrhein-westfalen,Nordrhein-Westfalen
05570,Warendorf,False,Kreis,3,warendorf,05,nordrhein-westfalen,Nordrhein-Westfalen
057,Detmold,False,Regierungsbezirk,2,detmold,05,nordrhein-westfalen,Nordrhein-Westfalen
05711,Bielefeld,False,Kreisfreie Stadt,3,bielefeld,05,nordrhein-westfalen,Nordrhein-Westfalen
05754,Gütersloh,False,Kreis,3,guetersloh,05,nordrhein-westfalen,Nordrhein-Westfalen
05758,Herford,False,Kreis,3,herford,05,nordrhein-westfalen,Nordrhein-Westfalen
05762,Höxter,False,Kreis,3,hoexter,05,nordrhein-westfalen,Nordrhein-Westfalen
05766,Lippe,False,Kreis,3,lippe,05,nordrhein-westfalen,Nordrhein-Westfalen
05770,Minden-Lübbecke,False,Kreis,3,minden-luebbecke,05,nordrhein-westfalen,Nordrhein-Westfalen
05774,Paderborn,False,Kreis,3,paderborn,05,nordrhein-westfalen,Nordrhein-Westfalen
059,Arnsberg,False,Regierungsbezirk,2,arnsberg,05,nordrhein-westfalen,Nordrhein-Westfalen
05911,Bochum,False,Kreisfreie Stadt,3,bochum,05,nordrhein-westfalen,Nordrhein-Westfalen
05913,Dortmund,False,Kreisfreie Stadt,3,dortmund,05,nordrhein-westfalen,Nordrhein-Westfalen
05914,Hagen,False,Kreisfreie Stadt,3,hagen,05,nordrhein-westfalen,Nordrhein-Westfalen
05915,Hamm,False,Kreisfreie Stadt,3,hamm,05,nordrhein-westfalen,Nordrhein-Westfalen
05916,Herne,False,Kreisfreie Stadt,3,herne,05,nordrhein-westfalen,Nordrhein-Westfalen
05954,Ennepe-Ruhr-Kreis,False,Kreis,3,ennepe-ruhr-kreis,05,nordrhein-westfalen,Nordrhein-Westfalen
05958,Hochsauerlandkreis,False,Kreis,3,hochsauerlandkreis,05,nordrhein-westfalen,Nordrhein-Westfalen
05962,Märkischer Kreis,False,Kreis,3,maerkischer-kreis,05,nordrhein-westfalen,Nordrhein-Westfalen
05966,Olpe,False,Kreis,3,olpe,05,nordrhein-westfalen,Nordrhein-Westfalen
05970,Siegen-Wittgenstein,False,Kreis,3,siegen-wittgenstein,05,nordrhein-westfalen,Nordrhein-Westfalen
05974,Soest,False,Kreis,3,soest,05,nordrhein-westfalen,Nordrhein-Westfalen
05978,Unna,False,Kreis,3,unna,05,nordrhein-westfalen,Nordrhein-Westfalen
06,Hessen,False,Bundesland,1,hessen,,,
064,Darmstadt,False,Regierungsbezirk,2,darmstadt-regierungsbezirk,06,hessen,Hessen
06411,Darmstadt,False,Kreisfreie Stadt,3,darmstadt-kreisfreie-stadt,06,hessen,Hessen
06412,Frankfurt am Main,False,Kreisfreie Stadt,3,frankfurt-am-main,06,hessen,Hessen
06413,Offenbach am Main,False,Kreisfreie Stadt,3,offenbach-am-main,06,hessen,Hessen
06414,Wiesbaden,False,Landeshauptstadt,3,wiesbaden,06,hessen,Hessen
06431,Bergstraße,False,Kreis,3,bergstrasse,06,hessen,Hessen
06432,Darmstadt-Dieburg,False,Kreis,3,darmstadt-dieburg,06,hessen,Hessen
06433,Groß-Gerau,False,Kreis,3,gross-gerau,06,hessen,Hessen
06434,Hochtaunuskreis,False,Kreis,3,hochtaunuskreis,06,hessen,Hessen
06435,Main-Kinzig-Kreis,False,Kreis,3,main-kinzig-kreis,06,hessen,Hessen
06436,Main-Taunus-Kreis,False,Kreis,3,main-taunus-kreis,06,hessen,Hessen
06437,Odenwaldkreis,False,Kreis,3,odenwaldkreis,06,hessen,Hessen
06438,Offenbach,False,Kreis,3,offenbach,06,hessen,Hessen
06439,Rheingau-Taunus-Kreis,False,Kreis,3,rheingau-taunus-kreis,06,hessen,Hessen
06440,Wetteraukreis,False,Kreis,3,wetteraukreis,06,hessen,Hessen
065,Gießen,False,Regierungsbezirk,2,giessen-regierungsbezirk,06,hessen,Hessen
06531,Gießen,False,Kreis,3,giessen-kreis,06,hessen,Hessen
06532,Lahn-Dill-Kreis,False,Kreis,3,lahn-dill-kreis,06,hessen,Hessen
06533,Limburg-Weilburg,False,Kreis,3,limburg-weilburg,06,hessen,Hessen
06534,Marburg-Biedenkopf,False,Kreis,3,marburg-biedenkopf,06,hessen,Hessen
06535,Vogelsbergkreis,False,Kreis,3,vogelsbergkreis,06,hessen,Hessen
066,Kassel,False,Regierungsbezirk,2,kassel-regierungsbezirk,06,hessen,Hessen
06611,Kassel,False,Kreisfreie Stadt,3,kassel-kreisfreie-stadt,06,hessen,Hessen
06631,Fulda,False,Kreis,3,fulda,06,hessen,Hessen
06632,Hersfeld-Rotenburg,False,Kreis,3,hersfeld-rotenburg,06,hessen,Hessen
06633,Kassel,False,Kreis,3,kassel-kreis,06,hessen,Hessen
06634,Schwalm-Eder-Kreis,False,Kreis,3,schwalm-eder-kreis,06,hessen,Hessen
06635,Waldeck-Frankenberg,False,Kreis,3,waldeck-frankenberg,06,hessen,Hessen
06636,Werra-Meißner-Kreis,False,Kreis,3,werra-meissner-kreis,06,hessen,Hessen
07,Rheinland-Pfalz,False,Bundesland,1,rheinland-pfalz,,,
071,Koblenz,False,Stat. Region,2,koblenz-stat-region,07,rheinland-pfalz,Rheinland-Pfalz
07111,Koblenz,False,Kreisfreie Stadt,3,koblenz-kreisfreie-stadt,07,rheinland-pfalz,Rheinland-Pfalz
07131,Ahrweiler,False,Kreis,3,ahrweiler,07,rheinland-pfalz,Rheinland-Pfalz
07132,Altenkirchen (Westerwald),False,Kreis,3,altenkirchen-westerwald,07,rheinland-pfalz,Rheinland-Pfalz
07133,Bad Kreuznach,False,Kreis,3,bad-kreuznach,07,rheinland-pfalz,Rheinland-Pfalz
07134,Birkenfeld,False,Kreis,3,birkenfeld,07,rheinland-pfalz,Rheinland-Pfalz
07135,Cochem-Zell,False,Kreis,3,cochem-zell,07,rheinland-pfalz,Rheinland-Pfalz
07137,Mayen-Koblenz,False,Kreis,3,mayen-koblenz,07,rheinland-pfalz,Rheinland-Pfalz
07138,Neuwied,False,Kreis,3,neuwied,07,rheinland-pfalz,Rheinland-Pfalz
07140,Rhein-Hunsrück-Kreis,False,Kreis,3,rhein-hunsrueck-kreis,07,rheinland-pfalz,Rheinland-Pfalz
07141,Rhein-Lahn-Kreis,False,Kreis,3,rhein-lahn-kreis,07,rheinland-pfalz,Rheinland-Pfalz
07143,Westerwaldkreis,False,Kreis,3,westerwaldkreis,07,rheinland-pfalz,Rheinland-Pfalz
072,Trier,False,Stat. Region,2,trier-stat-region,07,rheinland-pfalz,Rheinland-Pfalz
07211,Trier,False,Kreisfreie Stadt,3,trier-kreisfreie-stadt,07,rheinland-pfalz,Rheinland-Pfalz
07231,Bernkastel-Wittlich,False,Kreis,3,bernkastel-wittlich,07,rheinland-pfalz,Rheinland-Pfalz
07232,Eifelkreis Bitburg-Prüm,False,Kreis,3,eifelkreis-bitburg-pruem,07,rheinland-pfalz,Rheinland-Pfalz
07233,Vulkaneifel,False,Kreis,3,vulkaneifel,07,rheinland-pfalz,Rheinland-Pfalz
07235,Trier-Saarburg,False,Kreis,3,trier-saarburg,07,rheinland-pfalz,Rheinland-Pfalz
073,Rheinhessen-Pfalz,False,Stat. Region,2,rheinhessen-pfalz,07,rheinland-pfalz,Rheinland-Pfalz
07311,Frankenthal (Pfalz),False,Kreisfreie Stadt,3,frankenthal-pfalz,07,rheinland-pfalz,Rheinland-Pfalz
07312,Kaiserslautern,False,Kreisfreie Stadt,3,kaiserslautern-kreisfreie-stadt,07,rheinland-pfalz,Rheinland-Pfalz
07313,Landau in der Pfalz,False,Kreisfreie Stadt,3,landau-in-der-pfalz,07,rheinland-pfalz,Rheinland-Pfalz
07314,Ludwigshafen am Rhein,False,Kreisfreie Stadt,3,ludwigshafen-am-rhein,07,rheinland-pfalz,Rheinland-Pfalz
07315,Mainz,False,Kreisfreie Stadt,3,mainz,07,rheinland-pfalz,Rheinland-Pfalz
07316,Neustadt an der Weinstraße,False,Kreisfreie Stadt,3,neustadt-an-der-weinstrasse,07,rheinland-pfalz,Rheinland-Pfalz
07317,Pirmasens,False,Kreisfreie Stadt,3,pirmasens,07,rheinland-pfalz,Rheinland-Pfalz
07318,Speyer,False,Kreisfreie Stadt,3,speyer,07,rheinland-pfalz,Rheinland-Pfalz
07319,Worms,False,Kreisfreie Stadt,3,worms,07,rheinland-pfalz,Rheinland-Pfalz
07320,Zweibrücken,False,Kreisfreie Stadt,3,zweibruecken,07,rheinland-pfalz,Rheinland-Pfalz
07331,Alzey-Worms,False,Kreis,3,alzey-worms,07,rheinland-pfalz,Rheinland-Pfalz
07332,Bad Dürkheim,False,Kreis,3,bad-duerkheim,07,rheinland-pfalz,Rheinland-Pfalz
07333,Donnersbergkreis,False,Kreis,3,donnersbergkreis,07,rheinland-pfalz,Rheinland-Pfalz
07334,Germersheim,False,Kreis,3,germersheim,07,rheinland-pfalz,Rheinland-Pfalz
07335,Kaiserslautern,False,Kreis,3,kaiserslautern-kreis,07,rheinland-pfalz,Rheinland-Pfalz
07336,Kusel,False,Kreis,3,kusel,07,rheinland-pfalz,Rheinland-Pfalz
07337,Südliche Weinstraße,False,Kreis,3,suedliche-weinstrasse,07,rheinland-pfalz,Rheinland-Pfalz
07338,Rhein-Pfalz-Kreis,False,Kreis,3,rhein-pfalz-kreis,07,rheinland-pfalz,Rheinland-Pfalz
07339,Mainz-Bingen,False,Kreis,3,mainz-bingen,07,rheinland-pfalz,Rheinland-Pfalz
07340,Südwestpfalz,False,Kreis,3,suedwestpfalz,07,rheinland-pfalz,Rheinland-Pfalz
08,Baden-Württemberg,False,Bundesland,1,baden-wuerttemberg,,,
081,Stuttgart,False,Regierungsbezirk,2,stuttgart-regierungsbezirk,08,baden-wuerttemberg,Baden-Württemberg
08111,Stuttgart,False,Landeshauptstadt,3,stuttgart-landeshauptstadt,08,baden-wuerttemberg,Baden-Württemberg
08115,Böblingen,False,Kreis,3,boeblingen,08,baden-wuerttemberg,Baden-Württemberg
08116,Esslingen,False,Kreis,3,esslingen,08,baden-wuerttemberg,Baden-Württemberg
08117,Göppingen,False,Kreis,3,goeppingen,08,baden-wuerttemberg,Baden-Württemberg
08118,Ludwigsburg,False,Kreis,3,ludwigsburg,08,baden-wuerttemberg,Baden-Württemberg
08119,Rems-Murr-Kreis,False,Kreis,3,rems-murr-kreis,08,baden-wuerttemberg,Baden-Württemberg
08121,Heilbronn,False,Stadtkreis,3,heilbronn-stadtkreis,08,baden-wuerttemberg,Baden-Württemberg
08125,Heilbronn,False,Kreis,3,heilbronn-kreis,08,baden-wuerttemberg,Baden-Württemberg
08126,Hohenlohekreis,False,Kreis,3,hohenlohekreis,08,baden-wuerttemberg,Baden-Württemberg
08127,Schwäbisch Hall,False,Kreis,3,schwaebisch-hall,08,baden-wuerttemberg,Baden-Württemberg
08128,Main-Tauber-Kreis,False,Kreis,3,main-tauber-kreis,08,baden-wuerttemberg,Baden-Württemberg
08135,Heidenheim,False,Kreis,3,heidenheim,08,baden-wuerttemberg,Baden-Württemberg
08136,Ostalbkreis,False,Kreis,3,ostalbkreis,08,baden-wuerttemberg,Baden-Württemberg
082,Karlsruhe,False,Regierungsbzirk,2,karlsruhe-regierungsbzirk,08,baden-wuerttemberg,Baden-Württemberg
08211,Baden-Baden,False,Stadtkreis,3,baden-baden,08,baden-wuerttemberg,Baden-Württemberg
08212,Karlsruhe,False,Stadtkreis,3,karlsruhe-stadtkreis,08,baden-wuerttemberg,Baden-Württemberg
08215,Karlsruhe,False,Kreis,3,karlsruhe-kreis,08,baden-wuerttemberg,Baden-Württemberg
08216,Rastatt,False,Kreis,3,rastatt,08,baden-wuerttemberg,Baden-Württemberg
08221,Heidelberg,False,Stadtkreis,3,heidelberg,08,baden-wuerttemberg,Baden-Württemberg
08222,Mannheim,False,Stadtkreis,3,mannheim,08,baden-wuerttemberg,Baden-Württemberg
08225,Neckar-Odenwald-Kreis,False,Kreis,3,neckar-odenwald-kreis,08,baden-wuerttemberg,Baden-Württemberg
08226,Rhein-Neckar-Kreis,False,Kreis,3,rhein-neckar-kreis,08,baden-wuerttemberg,Baden-Württemberg
08231,Pforzheim,False,Stadtkreis,3,pforzheim,08,baden-wuerttemberg,Baden-Württemberg
08235,Calw,False,Kreis,3,calw,08,baden-wuerttemberg,Baden-Württemberg
08236,Enzkreis,False,Kreis,3,enzkreis,08,baden-wuerttemberg,Baden-Württemberg
08237,Freudenstadt,False,Kreis,3,freudenstadt,08,baden-wuerttemberg,Baden-Württemberg
083,Freiburg,False,Regierungsbezirk,2,freiburg,08,baden-wuerttemberg,Baden-Württemberg
08311,Freiburg im Breisgau,False,Stadtkreis,3,freiburg-im-breisgau,08,baden-wuerttemberg,Baden-Württemberg
08315,Breisgau-Hochschwarzwald,False,Kreis,3,breisgau-hochschwarzwald,08,baden-wuerttemberg,Baden-Württemberg
08316,Emmendingen,False,Kreis,3,emmendingen,08,baden-wuerttemberg,Baden-Württemberg
08317,Ortenaukreis,False,Kreis,3,ortenaukreis,08,baden-wuerttemberg,Baden-Württemberg
08325,Rottweil,False,Kreis,3,rottweil,08,baden-wuerttemberg,Baden-Württemberg
08326,Schwarzwald-Baar-Kreis,False,Kreis,3,schwarzwald-baar-kreis,08,baden-wuerttemberg,Baden-Württemberg
08327,Tuttlingen,False,Kreis,3,tuttlingen,08,baden-wuerttemberg,Baden-Württemberg
08335,Konstanz,False,Kreis,3,konstanz,08,baden-wuerttemberg,Baden-Württemberg
08336,Lörrach,False,Kreis,3,loerrach,08,baden-wuerttemberg,Baden-Württemberg
08337,Waldshut,False,Kreis,3,waldshut,08,baden-wuerttemberg,Baden-Württemberg
084,Tübingen,False,Regierungsbezirk,2,tuebingen-regierungsbezirk,08,baden-wuerttemberg,Baden-Württemberg
08415,Reutlingen,False,Kreis,3,reutlingen,08,baden-wuerttemberg,Baden-Württemberg
08416,Tübingen,False,Kreis,3,tuebingen-kreis,08,baden-wuerttemberg,Baden-Württemberg
08417,Zollernalbkreis,False,Kreis,3,zollernalbkreis,08,baden-wuerttemberg,Baden-Württemberg
08421,Ulm,False,Stadtkreis,3,ulm,08,baden-wuerttemberg,Baden-Württemberg
08425,Alb-Donau-Kreis,False,Kreis,3,alb-donau-kreis,08,baden-wuerttemberg,Baden-Württemberg
08426,Biberach,False,Kreis,3,biberach,08,baden-wuerttemberg,Baden-Württemberg
08435,Bodenseekreis,False,Kreis,3,bodenseekreis,08,baden-wuerttemberg,Baden-Württemberg
08436,Ravensburg,False,Kreis,3,ravensburg,08,baden-wuerttemberg,Baden-Württemberg
08437,Sigmaringen,False,Kreis,3,sigmaringen,08,baden-wuerttemberg,Baden-Württemberg
09,Bayern,False,Bundesland,1,bayern,,,
091,Oberbayern,False,Regierungsbezirk,2,oberbayern,09,bayern,Bayern
09161,Ingolstadt,False,Kreis,3,ingolstadt,09,bayern,Bayern
09162,München,False,Landeshauptstadt,3,muenchen-landeshauptstadt,09,bayern,Bayern
09163,Rosenheim,False,Stadt,3,rosenheim-stadt,09,bayern,Bayern
09171,Altötting,False,Kreis,3,altoetting,09,bayern,Bayern
09172,Berchtesgadener Land,False,Kreis,3,berchtesgadener-land,09,bayern,Bayern
09173,Bad Tölz-Wolfratshausen,False,Kreis,3,bad-toelz-wolfratshausen,09,bayern,Bayern
09174,Dachau,False,Kreis,3,dachau,09,bayern,Bayern
09175,Ebersberg,False,Kreis,3,ebersberg,09,bayern,Bayern
09176,Eichstätt,False,Kreis,3,eichstaett,09,bayern,Bayern
09177,Erding,False,Kreis,3,erding,09,bayern,Bayern
09178,Freising,False,Kreis,3,freising,09,bayern,Bayern
09179,Fürstenfeldbruck,False,Kreis,3,fuerstenfeldbruck,09,bayern,Bayern
09180,Garmisch-Partenkirchen,False,Kreis,3,garmisch-partenkirchen,09,bayern,Bayern
09181,Landsberg am Lech,False,Kreis,3,landsberg-am-lech,09,bayern,Bayern
09182,Miesbach,False,Kreis,3,miesbach,09,bayern,Bayern
09183,Mühldorf a.Inn,False,Kreis,3,muehldorf-a-inn,09,bayern,Bayern
09184,München,False,Kreis,3,muenchen-kreis,09,bayern,Bayern
09185,Neuburg-Schrobenhausen,False,Kreis,3,neuburg-schrobenhausen,09,bayern,Bayern
09186,Pfaffenhofen a.d.Ilm,False,Kreis,3,pfaffenhofen-a-d-ilm,09,bayern,Bayern
09187,Rosenheim,False,Kreis,3,rosenheim-kreis,09,bayern,Bayern
09188,Starnberg,False,Kreis,3,starnberg,09,bayern,Bayern
09189,Traunstein,False,Kreis,3,traunstein,09,bayern,Bayern
09190,Weilheim-Schongau,False,Kreis,3,weilheim-schongau,09,bayern,Bayern
092,Niederbayern,False,Regierungsbezirk,2,niederbayern,09,bayern,Bayern
09261,Landshut,False,Stadt,3,landshut-stadt,09,bayern,Bayern
09262,Passau,False,Stadt,3,passau-stadt,09,bayern,Bayern
09263,Straubing,False,Stadt,3,straubing,09,bayern,Bayern
09271,Deggendorf,False,Kreis,3,deggendorf,09,bayern,Bayern
09272,Freyung-Grafenau,False,Kreis,3,freyung-grafenau,09,bayern,Bayern
09273,Kelheim,False,Kreis,3,kelheim,09,bayern,Bayern
09274,Landshut,False,Kreis,3,landshut-kreis,09,bayern,Bayern
09275,Passau,False,Kreis,3,passau-kreis,09,bayern,Bayern
09276,Regen,False,Kreis,3,regen,09,bayern,Bayern
09277,Rottal-Inn,False,Kreis,3,rottal-inn,09,bayern,Bayern
09278,Straubing-Bogen,False,Kreis,3,straubing-bogen,09,bayern,Bayern
09279,Dingolfing-Landau,False,Kreis,3,dingolfing-landau,09,bayern,Bayern
093,Oberpfalz,False,Regierungsbezirk,2,oberpfalz,09,bayern,Bayern
09361,Amberg,False,Stadt,3,amberg,09,bayern,Bayern
09362,Regensburg,False,Stadt,3,regensburg-stadt,09,bayern,Bayern
09363,Weiden i.d.OPf.,False,Kreis,3,weiden-i-d-opf,09,bayern,Bayern
09371,Amberg-Sulzbach,False,Kreis,3,amberg-sulzbach,09,bayern,Bayern
09372,Cham,False,Kreis,3,cham,09,bayern,Bayern
09373,Neumarkt i.d.OPf.,False,Kreis,3,neumarkt-i-d-opf,09,bayern,Bayern
09374,Neustadt a.d.Waldnaab,False,Kreis,3,neustadt-a-d-waldnaab,09,bayern,Bayern
09375,Regensburg,False,Kreis,3,regensburg-kreis,09,bayern,Bayern
09376,Schwandorf,False,Kreis,3,schwandorf,09,bayern,Bayern
09377,Tirschenreuth,False,Kreis,3,tirschenreuth,09,bayern,Bayern
094,Oberfranken,False,Regierungsbezirk,2,oberfranken,09,bayern,Bayern
09461,Bamberg,False,Stadt,3,bamberg-stadt,09,bayern,Bayern
09462,Bayreuth,False,Stadt,3,bayreuth-stadt,09,bayern,Bayern
09463,Coburg,False,Stadt,3,coburg-stadt,09,bayern,Bayern
09464,Hof,False,Stadt,3,hof-stadt,09,bayern,Bayern
09471,Bamberg,False,Kreis,3,bamberg-kreis,09,bayern,Bayern
09472,Bayreuth,False,Kreis,3,bayreuth-kreis,09,bayern,Bayern
09473,Coburg,False,Kreis,3,coburg-kreis,09,bayern,Bayern
09474,Forchheim,False,Kreis,3,forchheim,09,bayern,Bayern
09475,Hof,False,Kreis,3,hof-kreis,09,bayern,Bayern
09476,Kronach,False,Kreis,3,kronach,09,bayern,Bayern
09477,Kulmbach,False,Kreis,3,kulmbach,09,bayern,Bayern
09478,Lichtenfels,False,Kreis,3,lichtenfels,09,bayern,Bayern
09479,Wunsiedel i.Fichtelgebirge,False,Kreis,3,wunsiedel-i-fichtelgebirge,09,bayern,Bayern
095,Mittelfranken,False,Regierungsbezirk,2,mittelfranken,09,bayern,Bayern
09561,Ansbach,False,Stadt,3,ansbach-stadt,09,bayern,Bayern
09562,Erlangen,False,Stadt,3,erlangen,09,bayern,Bayern
09563,Fürth,False,Stadt,3,fuerth-stadt,09,bayern,Bayern
09564,Nürnberg,False,Stadt,3,nuernberg,09,bayern,Bayern
09565,Schwabach,False,Kreis,3,schwabach,09,bayern,Bayern
09571,Ansbach,False,Kreis,3,ansbach-kreis,09,bayern,Bayern
09572,Erlangen-Höchstadt,False,Kreis,3,erlangen-hoechstadt,09,bayern,Bayern
09573,Fürth,False,Kreis,3,fuerth-kreis,09,bayern,Bayern
09574,Nürnberger Land,False,Kreis,3,nuernberger-land,09,bayern,Bayern
09575,Neustadt a.d.Aisch-Bad Windsheim,False,Kreis,3,neustadt-a-d-aisch-bad-windsheim,09,bayern,Bayern
09576,Roth,False,Kreis,3,roth,09,bayern,Bayern
09577,Weißenburg-Gunzenhausen,False,Kreis,3,weissenburg-gunzenhausen,09,bayern,Bayern
096,Unterfranken,False,Regierungsbezirk,2,unterfranken,09,bayern,Bayern
09661,Aschaffenburg,False,Stadt,3,aschaffenburg-stadt,09,bayern,Bayern
09662,Schweinfurt,False,Stadt,3,schweinfurt-stadt,09,bayern,Bayern
09663,Würzburg,False,Stadt,3,wuerzburg-stadt,09,bayern,Bayern
09671,Aschaffenburg,False,Kreis,3,aschaffenburg-kreis,09,bayern,Bayern
09672,Bad Kissingen,False,Kreis,3,bad-kissingen,09,bayern,Bayern
09673,Rhön-Grabfeld,False,Kreis,3,rhoen-grabfeld,09,bayern,Bayern
09674,Haßberge,False,Kreis,3,hassberge,09,bayern,Bayern
09675,Kitzingen,False,Kreis,3,kitzingen,09,bayern,Bayern
09676,Miltenberg,False,Kreis,3,miltenberg,09,bayern,Bayern
09677,Main-Spessart,False,Kreis,3,main-spessart,09,bayern,Bayern
09678,Schweinfurt,False,Kreis,3,schweinfurt-kreis,09,bayern,Bayern
09679,Würzburg,False,Kreis,3,wuerzburg-kreis,09,bayern,Bayern
097,Schwaben,False,Regierungsbezirk,2,schwaben,09,bayern,Bayern
09761,Augsburg,False,Stadt,3,augsburg-stadt,09,bayern,Bayern
09762,Kaufbeuren,False,Kreis,3,kaufbeuren,09,bayern,Bayern
09763,Kempten (Allgäu),False,Kreis,3,kempten-allgaeu,09,bayern,Bayern
09764,Memmingen,False,Kreis,3,memmingen,09,bayern,Bayern
09771,Aichach-Friedberg,False,Kreis,3,aichach-friedberg,09,bayern,Bayern
09772,Augsburg,False,Kreis,3,augsburg-kreis,09,bayern,Bayern
09773,Dillingen a.d.Donau,False,Kreis,3,dillingen-a-d-donau,09,bayern,Bayern
09774,Günzburg,False,Kreis,3,guenzburg,09,bayern,Bayern
09775,Neu-Ulm,False,Kreis,3,neu-ulm,09,bayern,Bayern
09776,Lindau (Bodensee),False,Kreis,3,lindau-bodensee,09,bayern,Bayern
09777,Ostallgäu,False,Kreis,3,ostallgaeu,09,bayern,Bayern
09778,Unterallgäu,False,Kreis,3,unterallgaeu,09,bayern,Bayern
09779,Donau-Ries,False,Kreis,3,donau-ries,09,bayern,Bayern
09780,Oberallgäu,False,Kreis,3,oberallgaeu,09,bayern,Bayern
10,Saarland,False,Bundesland,1,saarland,,,
10041,Saarbrücken,False,Regionalverband,3,saarbruecken-regionalverband,10,saarland,Saarland
10041100,Saarbrücken,False,Landeshauptstadt,2,saarbruecken-landeshauptstadt,10,saarland,Saarland
10042,Merzig-Wadern,False,Kreis,3,merzig-wadern,10,saarland,Saarland
10043,Neunkirchen,False,Kreis,3,neunkirchen,10,saarland,Saarland
10044,Saarlouis,False,Kreis,3,saarlouis,10,saarland,Saarland
10045,Saarpfalz-Kreis,False,Kreis,3,saarpfalz-kreis,10,saarland,Saarland
10046,St. Wendel,False,Kreis,3,st-wendel,10,saarland,Saarland
11,Berlin,False,Bundesland,1,berlin-bundesland,,,
12,Brandenburg,False,Bundesland,1,brandenburg,,,
12051,Brandenburg an der Havel,False,Kreisfreie Stadt,3,brandenburg-an-der-havel,12,brandenburg,Brandenburg
12052,Cottbus,False,Kreisfreie Stadt,3,cottbus,12,brandenburg,Brandenburg
12053,Frankfurt (Oder),False,Kreisfreie Stadt,3,frankfurt-oder,12,brandenburg,Brandenburg
12054,Potsdam,False,Kreisfreie Stadt,3,potsdam,12,brandenburg,Brandenburg
12060,Barnim,False,Kreis,3,barnim,12,brandenburg,Brandenburg
12061,Dahme-Spreewald,False,Kreis,3,dahme-spreewald,12,brandenburg,Brandenburg
12062,Elbe-Elster,False,Kreis,3,elbe-elster,12,brandenburg,Brandenburg
12063,Havelland,False,Kreis,3,havelland,12,brandenburg,Brandenburg
12064,Märkisch-Oderland,False,Kreis,3,maerkisch-oderland,12,brandenburg,Brandenburg
12065,Oberhavel,False,Kreis,3,oberhavel,12,brandenburg,Brandenburg
12066,Oberspreewald-Lausitz,False,Kreis,3,oberspreewald-lausitz,12,brandenburg,Brandenburg
12067,Oder-Spree,False,Kreis,3,oder-spree,12,brandenburg,Brandenburg
12068,Ostprignitz-Ruppin,False,Kreis,3,ostprignitz-ruppin,12,brandenburg,Brandenburg
12069,Potsdam-Mittelmark,False,Kreis,3,potsdam-mittelmark,12,brandenburg,Brandenburg
12070,Prignitz,False,Kreis,3,prignitz,12,brandenburg,Brandenburg
12071,Spree-Neiße,False,Kreis,3,spree-neisse,12,brandenburg,Brandenburg
12072,Teltow-Fläming,False,Kreis,3,teltow-flaeming,12,brandenburg,Brandenburg
12073,Uckermark,False,Kreis,3,uckermark,12,brandenburg,Brandenburg
13,Mecklenburg-Vorpommern,False,Bundesland,1,mecklenburg-vorpommern,,,
13001,Greifswald,True,Hansestadt,3,greifswald--deprecated,13,mecklenburg-vorpommern,Mecklenburg-Vorpommern
13002,Neubrandenburg,True,Stadt,3,neubrandenburg--deprecated,13,mecklenburg-vorpommern,Mecklenburg-Vorpommern
13003,Rostock,False,Hansestadt,3,rostock-hansestadt,13,mecklenburg-vorpommern,Mecklenburg-Vorpommern
13004,Schwerin,False,Landeshauptstadt,3,schwerin,13,mecklenburg-vorpommern,Mecklenburg-Vorpommern
13005,Stralsund,True,Hansestadt,3,stralsund--deprecated,13,mecklenburg-vorpommern,Mecklenburg-Vorpommern
13006,Wismar,True,Hansestadt,3,wismar--deprecated,13,mecklenburg-vorpommern,Mecklenburg-Vorpommern
13051,Bad Doberan,True,Kreis,3,bad-doberan--deprecated,13,mecklenburg-vorpommern,Mecklenburg-Vorpommern
13052,Demmin,True,Kreis,3,demmin--deprecated,13,mecklenburg-vorpommern,Mecklenburg-Vorpommern
13053,Güstrow,True,Kreis,3,guestrow--deprecated,13,mecklenburg-vorpommern,Mecklenburg-Vorpommern
13054,Ludwigslust,True,Stadt,3,ludwigslust--deprecated,13,mecklenburg-vorpommern,Mecklenburg-Vorpommern
13055,Mecklenburg-Strelitz,True,Kreis,3,mecklenburg-strelitz--deprecated,13,mecklenburg-vorpommern,Mecklenburg-Vorpommern
13056,Müritz,True,Kreis,3,mueritz--deprecated,13,mecklenburg-vorpommern,Mecklenburg-Vorpommern
13057,Nordvorpommern,True,Kreis,3,nordvorpommern--deprecated,13,mecklenburg-vorpommern,Mecklenburg-Vorpommern
13058,Nordwestmecklenburg,True,Stadt,3,nordwestmecklenburg-stadt--deprecated,13,mecklenburg-vorpommern,Mecklenburg-Vorpommern
13059,Ostvorpommern,True,Kreis,3,ostvorpommern--deprecated,13,mecklenburg-vorpommern,Mecklenburg-Vorpommern
13060,Parchim,True,Kreis,3,parchim--deprecated,13,mecklenburg-vorpommern,Mecklenburg-Vorpommern
13061,Rügen,True,Kreis,3,ruegen--deprecated,13,mecklenburg-vorpommern,Mecklenburg-Vorpommern
13062,Uecker-Randow,True,Kreis,3,uecker-randow--deprecated,13,mecklenburg-vorpommern,Mecklenburg-Vorpommern
13071,Mecklenburgische Seenplatte,False,Kreis,3,mecklenburgische-seenplatte,13,mecklenburg-vorpommern,Mecklenburg-Vorpommern
13072,Rostock,False,Kreis,3,rostock-kreis,13,mecklenburg-vorpommern,Mecklenburg-Vorpommern
13073,Vorpommern-Rügen,False,Kreis,3,vorpommern-ruegen,13,mecklenburg-vorpommern,Mecklenburg-Vorpommern
13074,Nordwestmecklenburg,False,Stadt,3,nordwestmecklenburg-stadt,13,mecklenburg-vorpommern,Mecklenburg-Vorpommern
13075,Vorpommern-Greifswald,False,Kreis,3,vorpommern-greifswald,13,mecklenburg-vorpommern,Mecklenburg-Vorpommern
13076,Ludwigslust-Parchim,False,Kreis,3,ludwigslust-parchim,13,mecklenburg-vorpommern,Mecklenburg-Vorpommern
14,Sachsen,False,Bundesland,1,sachsen,,,
141,Chemnitz,True,Regierungsbezirk,2,chemnitz-regierungsbezirk--deprecated,14,sachsen,Sachsen
14161,Chemnitz,True,Kreisfreie Stadt,3,chemnitz-kreisfreie-stadt--deprecated,14,sachsen,Sachsen
14166,Plauen,True,Kreisfreie Stadt,3,plauen--deprecated,14,sachsen,Sachsen
14167,Zwickau,True,Kreisfreie Stadt,3,zwickau-kreisfreie-stadt--deprecated,14,sachsen,Sachsen
14171,Annaberg,True,Kreis,3,annaberg--deprecated,14,sachsen,Sachsen
14173,Chemnitzer Land,True,Kreis,3,chemnitzer-land--deprecated,14,sachsen,Sachsen
14177,Freiberg,True,Kreis,3,freiberg--deprecated,14,sachsen,Sachsen
14178,Vogtlandkreis,True,Stadt,3,vogtlandkreis-stadt--deprecated,14,sachsen,Sachsen
14181,Mittlerer Erzgebirgskreis,True,Kreis,3,mittlerer-erzgebirgskreis--deprecated,14,sachsen,Sachsen
14182,Mittweida,True,Kreis,3,mittweida--deprecated,14,sachsen,Sachsen
14188,Stollberg,True,Kreis,3,stollberg--deprecated,14,sachsen,Sachsen
14191,Aue-Schwarzenberg,True,Kreis,3,aue-schwarzenberg--deprecated,14,sachsen,Sachsen
14193,Zwickauer Land,True,Kreis,3,zwickauer-land--deprecated,14,sachsen,Sachsen
142,Dresden,True,Regierungsbezirk,2,dresden-regierungsbezirk--deprecated,14,sachsen,Sachsen
14262,Dresden,True,Kreisfreie Stadt,3,dresden-kreisfreie-stadt--deprecated,14,sachsen,Sachsen
14263,Görlitz,True,Kreisfreie Stadt,3,goerlitz-kreisfreie-stadt--deprecated,14,sachsen,Sachsen
14264,Hoyerswerda,True,Kreisfreie Stadt,3,hoyerswerda--deprecated,14,sachsen,Sachsen
14272,Bautzen,True,Kreis,3,bautzen-kreis--deprecated,14,sachsen,Sachsen
14280,Meißen,True,Kreis,3,meissen-kreis--deprecated,14,sachsen,Sachsen
14284,Niederschlesischer Oberlausitzkreis,True,Kreis,3,niederschlesischer-oberlausitzkreis--deprecated,14,sachsen,Sachsen
14285,Riesa-Großenhain,True,Kreis,3,riesa-grossenhain--deprecated,14,sachsen,Sachsen
14286,Löbau-Zittau,True,Kreis,3,loebau-zittau--deprecated,14,sachsen,Sachsen
14287,Sächsische Schweiz,True,Kreis,3,saechsische-schweiz--deprecated,14,sachsen,Sachsen
14290,Weißeritzkreis,True,Kreis,3,weisseritzkreis--deprecated,14,sachsen,Sachsen
14292,Kamenz,True,Kreis,3,kamenz--deprecated,14,sachsen,Sachsen
143,Leipzig,True,Regierungsbezirk,2,leipzig-regierungsbezirk--deprecated,14,sachsen,Sachsen
14365,Leipzig,True,Kreisfreie Stadt,3,leipzig-kreisfreie-stadt--deprecated,14,sachsen,Sachsen
14374,Delitzsch,True,Kreis,3,delitzsch--deprecated,14,sachsen,Sachsen
14375,Döbeln,True,Kreis,3,doebeln--deprecated,14,sachsen,Sachsen
14379,Leipziger Land,True,Kreis,3,leipziger-land--deprecated,14,sachsen,Sachsen
14383,Muldentalkreis,True,Kreis,3,muldentalkreis--deprecated,14,sachsen,Sachsen
14389,Torgau-Oschatz,True,Kreis,3,torgau-oschatz--deprecated,14,sachsen,Sachsen
145,Chemnitz,False,NUTS 2-Region,2,chemnitz-nuts-2-region,14,sachsen,Sachsen
14511,Chemnitz,False,Stadt,3,chemnitz-stadt,14,sachsen,Sachsen
14521,Erzgebirgskreis,False,Stadt,3,erzgebirgskreis,14,sachsen,Sachsen
14522,Mittelsachsen,False,Kreis,3,mittelsachsen,14,sachsen,Sachsen
14523,Vogtlandkreis,False,Stadt,3,vogtlandkreis-stadt,14,sachsen,Sachsen
14524,Zwickau,False,Kreis,3,zwickau-kreis,14,sachsen,Sachsen
146,Dresden,False,NUTS 2-Region,2,dresden-nuts-2-region,14,sachsen,Sachsen
14612,Dresden,False,Stadt,3,dresden-stadt,14,sachsen,Sachsen
14625,Bautzen,False,Kreis,3,bautzen-kreis,14,sachsen,Sachsen
14626,Görlitz,False,Kreis,3,goerlitz-kreis,14,sachsen,Sachsen
14627,Meißen,False,Kreis,3,meissen-kreis,14,sachsen,Sachsen
14628,Sächsische Schweiz-Osterzgebirge,False,Kreis,3,saechsische-schweiz-osterzgebirge,14,sachsen,Sachsen
147,Leipzig,False,NUTS 2-Region,2,leipzig-nuts-2-region,14,sachsen,Sachsen
14713,Leipzig,False,Stadt,3,leipzig-stadt,14,sachsen,Sachsen
14729,Leipzig,False,Kreis,3,leipzig-kreis,14,sachsen,Sachsen
14730,Nordsachsen,False,Kreis,3,nordsachsen,14,sachsen,Sachsen
15,Sachsen-Anhalt,False,Bundesland,1,sachsen-anhalt,,,
15001,Dessau-Roßlau,False,Kreisfreie Stadt,3,dessau-rosslau,15,sachsen-anhalt,Sachsen-Anhalt
15002,Halle (Saale),False,Kreisfreie Stadt,3,halle-saale-kreisfreie-stadt,15,sachsen-anhalt,Sachsen-Anhalt
15003,Magdeburg,False,Kreisfreie Stadt,3,magdeburg-kreisfreie-stadt,15,sachsen-anhalt,Sachsen-Anhalt
15081,Altmarkkreis Salzwedel,False,Stadt,3,altmarkkreis-salzwedel-stadt,15,sachsen-anhalt,Sachsen-Anhalt
15082,Anhalt-Bitterfeld,False,Kreis,3,anhalt-bitterfeld,15,sachsen-anhalt,Sachsen-Anhalt
15083,Börde,False,Kreis,3,boerde,15,sachsen-anhalt,Sachsen-Anhalt
15084,Burgenlandkreis,False,Stadt,3,burgenlandkreis-stadt,15,sachsen-anhalt,Sachsen-Anhalt
15085,Harz,False,Kreis,3,harz,15,sachsen-anhalt,Sachsen-Anhalt
15086,Jerichower Land,False,Kreis,3,jerichower-land-kreis,15,sachsen-anhalt,Sachsen-Anhalt
15087,Mansfeld-Südharz,False,Kreis,3,mansfeld-suedharz,15,sachsen-anhalt,Sachsen-Anhalt
15088,Saalekreis,False,Kreis,3,saalekreis,15,sachsen-anhalt,Sachsen-Anhalt
15089,Salzlandkreis,False,Kreis,3,salzlandkreis,15,sachsen-anhalt,Sachsen-Anhalt
15090,Stendal,False,Kreis,3,stendal-kreis,15,sachsen-anhalt,Sachsen-Anhalt
15091,Wittenberg,False,Kreis,3,wittenberg-kreis,15,sachsen-anhalt,Sachsen-Anhalt
151,Dessau,True,Stat. Region,2,dessau-stat-region--deprecated,15,sachsen-anhalt,Sachsen-Anhalt
15101,Dessau,True,Kreisfreie Stadt,3,dessau-kreisfreie-stadt--deprecated,15,sachsen-anhalt,Sachsen-Anhalt
15151,Anhalt-Zerbst,True,Kreis,3,anhalt-zerbst--deprecated,15,sachsen-anhalt,Sachsen-Anhalt
15153,Bernburg,True,Kreis,3,bernburg--deprecated,15,sachsen-anhalt,Sachsen-Anhalt
15154,Bitterfeld,True,Kreis,3,bitterfeld--deprecated,15,sachsen-anhalt,Sachsen-Anhalt
15159,Köthen,True,Kreis,3,koethen--deprecated,15,sachsen-anhalt,Sachsen-Anhalt
15171,Wittenberg,True,Kreis,3,wittenberg-kreis--deprecated,15,sachsen-anhalt,Sachsen-Anhalt
152,Halle,True,Stat. Region,2,halle--deprecated,15,sachsen-anhalt,Sachsen-Anhalt
15202,Halle (Saale),True,Kreisfreie Stadt,3,halle-saale-kreisfreie-stadt--deprecated,15,sachsen-anhalt,Sachsen-Anhalt
15256,Burgenlandkreis,True,Stadt,3,burgenlandkreis-stadt--deprecated,15,sachsen-anhalt,Sachsen-Anhalt
15260,Mansfelder Land,True,Kreis,3,mansfelder-land--deprecated,15,sachsen-anhalt,Sachsen-Anhalt
15261,Merseburg-Querfurt,True,Kreis,3,merseburg-querfurt--deprecated,15,sachsen-anhalt,Sachsen-Anhalt
15265,Saalkreis,True,Kreis,3,saalkreis--deprecated,15,sachsen-anhalt,Sachsen-Anhalt
15266,Sangerhausen,True,Kreis,3,sangerhausen--deprecated,15,sachsen-anhalt,Sachsen-Anhalt
15268,Weißenfels,True,Kreis,3,weissenfels--deprecated,15,sachsen-anhalt,Sachsen-Anhalt
153,Magdeburg,True,Stat. Region,2,magdeburg-stat-region--deprecated,15,sachsen-anhalt,Sachsen-Anhalt
15303,Magdeburg,True,Kreisfreie Stadt,3,magdeburg-kreisfreie-stadt--deprecated,15,sachsen-anhalt,Sachsen-Anhalt
15352,Aschersleben-Staßfurt,True,Kreis,3,aschersleben-stassfurt--deprecated,15,sachsen-anhalt,Sachsen-Anhalt
15355,Bördekreis,True,Kreis,3,boerdekreis--deprecated,15,sachsen-anhalt,Sachsen-Anhalt
15357,Halberstadt,True,Kreis,3,halberstadt--deprecated,15,sachsen-anhalt,Sachsen-Anhalt
15358,Jerichower Land,True,Kreis,3,jerichower-land-kreis--deprecated,15,sachsen-anhalt,Sachsen-Anhalt
15362,Ohrekreis,True,Kreis,3,ohrekreis--deprecated,15,sachsen-anhalt,Sachsen-Anhalt
15363,Stendal,True,Kreis,3,stendal-kreis--deprecated,15,sachsen-anhalt,Sachsen-Anhalt
15364,Quedlinburg,True,Kreis,3,quedlinburg--deprecated,15,sachsen-anhalt,Sachsen-Anhalt
15367,Schönebeck,True,Kreis,3,schoenebeck--deprecated,15,sachsen-anhalt,Sachsen-Anhalt
15369,Wernigerode,True,Kreis,3,wernigerode--deprecated,15,sachsen-anhalt,Sachsen-Anhalt
15370,Altmarkkreis Salzwedel,True,Kreis,3,altmarkkreis-salzwedel-kreis--deprecated,15,sachsen-anhalt,Sachsen-Anhalt
16,Thüringen,False,Bundesland,1,thueringen,,,
16051,Erfurt,False,krsfr. Stadt,3,erfurt,16,thueringen,Thüringen
16052,Gera,False,krsfr. Stadt,3,gera,16,thueringen,Thüringen
16053,Jena,False,krsfr. Stadt,3,jena,16,thueringen,Thüringen
16054,Suhl,False,krsfr. Stadt,3,suhl,16,thueringen,Thüringen
16055,Weimar,False,krsfr. Stadt,3,weimar,16,thueringen,Thüringen
16056,Eisenach,False,krsfr. Stadt,3,eisenach,16,thueringen,Thüringen
16061,Eichsfeld,False,Kreis,3,eichsfeld,16,thueringen,Thüringen
16062,Nordhausen,False,Kreis,3,nordhausen,16,thueringen,Thüringen
16063,Wartburgkreis,False,Kreis,3,wartburgkreis,16,thueringen,Thüringen
16064,Unstrut-Hainich-Kreis,False,Kreis,3,unstrut-hainich-kreis,16,thueringen,Thüringen
16065,Kyffhäuserkreis,False,Kreis,3,kyffhaeuserkreis,16,thueringen,Thüringen
16066,Schmalkalden-Meiningen,False,Kreis,3,schmalkalden-meiningen,16,thueringen,Thüringen
16067,Gotha,False,Kreis,3,gotha,16,thueringen,Thüringen
16068,Sömmerda,False,Kreis,3,soemmerda,16,thueringen,Thüringen
16069,Hildburghausen,False,Kreis,3,hildburghausen,16,thueringen,Thüringen
16070,Ilm-Kreis,False,Kreis,3,ilm-kreis,16,thueringen,Thüringen
16071,Weimarer Land,False,Kreis,3,weimarer-land,16,thueringen,Thüringen
16072,Sonneberg,False,Kreis,3,sonneberg,16,thueringen,Thüringen
16073,Saalfeld-Rudolstadt,False,Kreis,3,saalfeld-rudolstadt,16,thueringen,Thüringen
16074,Saale-Holzland-Kreis,False,Kreis,3,saale-holzland-kreis,16,thueringen,Thüringen
16075,Saale-Orla-Kreis,False,Kreis,3,saale-orla-kreis,16,thueringen,Thüringen
16076,Greiz,False,Kreis,3,greiz,16,thueringen,Thüringen
16077,Altenburger Land,False,Kreis,3,altenburger-land,16,thueringen,Thüringen
